[
  {
    "nome": "Adriana",
    "sobrenome": "de Borba",
    "email": "leoraye2002@gmail.com",
    "senha": "123",
    "confirmar_senha": "123",
    "cpf": "138.502.249-37",
    "cnh": "12345",
    "telefone": "(47)99612-5434",
    "data_nascimento": "2000-10-03",
    "cep": "89.212-3",
    "rua": "Rua Alasca",
    "numero": "185",
    "bairro": "Floresta",
    "cidade": "Joinville",
    "estado": "SC",
    "termos": "on"
  },
  {
    "nome": "Leonardo",
    "sobrenome": "Raye",
    "email": "leoraye2004@gmail.com",
    "senha": "12",
    "confirmar_senha": "12",
    "cpf": "5'54515",
    "cnh": "5q51515",
    "telefone": "(47)99612-5434",
    "data_nascimento": "2004-11-03",
    "cep": "89.212-3",
    "rua": "Rua Alasca",
    "numero": "185",
    "bairro": "Floresta",
    "cidade": "Joinville",
    "estado": "SC",
    "termos": "on"
  },
  {
    "nome": "gertg",
    "sobrenome": "egeg",
    "email": "leo@gmail.com",
    "senha": "ab12",
    "confirmar_senha": "ab12",
    "cpf": "34214134",
    "cnh": "egege",
    "telefone": "47998656433",
    "data_nascimento": "2005-11-03",
    "cep": "e4535345",
    "rua": "353535",
    "numero": "53",
    "bairro": "Floresta",
    "cidade": "Joinville",
    "estado": "SC",
    "termos": "on"
  },
  {
    "nome": "Joao",
    "sobrenome": "Costa",
    "email": "joao@gmail.com",
    "senha": "12345",
    "confirmar_senha": "12345",
    "cpf": "562546262",
    "cnh": "62562562",
    "telefone": "51111551515",
    "data_nascimento": "2008-08-09",
    "cep": "89212340",
    "rua": "Rua Alasca",
    "numero": "185",
    "bairro": "Floresta",
    "cidade": "Joinville",
    "estado": "SC",
    "termos": "on"
  },
  {
    "nome": "leleo",
    "email": "l2004@gmail.com",
    "senha": "10"
  }
]